slug,drive_share_link
25-osho-ideas-explained-simply,
stoicism-in-30-pages,
the-gita-simply-explained,
atomic-habits-core-ideas-explained,
rumis-wisdom-20-ideas-explained,
nietzsche-without-the-headache,
editable-birthday-card-collection,
editable-invitation-template-pack,
instagram-post-template-bundle,
minimal-resume-cover-letter-templates,
wedding-invitation-template-set,
motivational-poster-design-templates,
kids-coloring-activity-book,
jungle-animals-coloring-book,
dot-to-dot-puzzle-book-for-kids,
alphabet-learning-activity-book,
fun-maze-logic-puzzle-book,
the-little-explorer-story-book,
30-day-habit-tracker,
daily-life-planner,
study-planner-undated,
goal-setting-workbook,
self-reflection-journal,
weekly-routine-planner,
anniversary-card-set,
wedding-card-collection,
thank-you-card-pack,
festival-greeting-cards-diwali-holi,
printable-birthday-card-collection,
baby-shower-invitation-set,
